node_id,x_in,y_in,ux_in,uy_in,vm_psi
0,2.22222233,4,0.0133588985,-0.00741202058,26477.0443
1,-0.444444448,4,0.010636095,-0.00807256438,26658.5352
2,-2.22222233,4,0.00884591416,-0.00735890772,26467.4655
3,4,4,0.015191678,-0.00569340494,25557.8965
4,-4,4,0.00701296236,-0.00562154967,25558.5358
5,5.85889292,-3.5418241,0.0173594952,0.00273569277,13769.4536
6,7.29193544,-2.272259,0.0187994167,0.000905511668,5890.83832
7,7.97083569,-0.48214671,0.0193161946,6.2176543e-05,8083.06388
8,7.97083569,0.48214671,0.019316569,-0.00031321618,8116.21379
9,7.29193544,2.272259,0.0187911894,-0.00118507131,5451.38818
10,5.85889292,3.5418241,0.0173503775,-0.00295120967,14176.0296
11,4,-4,0.0151932063,0.00549570331,25557.4993
12,-2.22222233,-4,0.00884739868,0.00729023851,26477.9323
13,0.444444448,-4,0.011570299,0.0079489015,26658.4017
14,2.22222233,-4,0.013360423,0.00723395357,26466.7793
15,-4,-4,0.00701441942,0.00557234092,25559.123
16,-5.85889292,3.5418241,0.00484634144,-0.00286162621,13771.1647
17,-7.29193544,2.272259,0.0034058278,-0.00103158318,5873.28265
18,-7.97083569,0.48214671,0.00288781896,-0.000187427679,8186.70744
19,-7.97083569,-0.48214671,0.00288758543,0.000191186104,8209.30835
20,-7.29193544,-2.272259,0.00341386953,0.00106367853,5432.09249
21,-5.85889292,-3.5418241,0.00485531939,0.00282993377,14179.0921
22,28.0327873,-5,0.021891173,0.000135836162,4997.79785
23,26.0655746,-5,0.0215524994,0.000135792405,4990.20719
24,24.0983601,-5,0.0212146658,0.000135368886,4976.73812
25,22.1311474,-5,0.0208781511,0.000133246314,4960.37028
26,20.1639347,-5,0.0205429196,0.000126469866,4957.79818
27,18.196722,-5,0.020206403,0.000109425302,5030.73926
28,16.2295074,-5,0.0198579859,7.43369383e-05,5348.41276
29,14.2622948,-5,0.0194676239,1.85337485e-05,6271.16113
30,12.2950821,-5,0.0189671125,-3.0982661e-05,8418.77458
31,10.3278685,-5,0.0182354599,4.79154769e-05,12152.2601
32,8.36065578,-5,0.0171407107,0.000605974288,17248.1647
33,6.39344263,-5,0.0156694539,0.00230682106,20779.3001
34,4.42622948,-5,0.0141955419,0.00516403466,22406.7786
35,2.45901632,-5,0.0128446659,0.00731852092,23417.0293
36,-0.491803288,-5,0.0107395183,0.00825709198,25535.9717
37,-2.45901632,-5,0.00935161952,0.00737760682,23415.987
38,-4.42622948,-5,0.00800097268,0.00524546113,22409.2461
39,-6.39344263,-5,0.00652944762,0.00240988797,20820.1719
40,-8.36065578,-5,0.00505632767,0.00073089666,17310.5329
41,-10.3278685,-5,0.00396793615,0.000171620413,12109.7292
42,-12.2950821,-5,0.00323779206,9.31493851e-05,8412.79834
43,-14.2622948,-5,0.00273755239,0.000142719698,6271.58838
44,-16.2295074,-5,0.00234729471,0.000198711001,5346.23145
45,-18.196722,-5,0.00199918984,0.000234332547,5020.46419
46,-20.1639347,-5,0.00166419137,0.000252345548,4923.43522
47,-22.1311474,-5,0.00133324834,0.000259299588,4877.61426
48,-24.0983601,-5,0.00100632617,0.000257075619,4812.02246
49,-26.0655746,-5,0.000686018146,0.000238342545,4743.95426
50,-28.0327873,-5,0.000367245084,0.000179014722,4948.6416
51,30,-5,0.022230221,0.000136040748,4999.85107
52,-30,-5,3.46745377e-33,1.5043422e-33,5974.65967
53,30,3.18181825,0.022229651,-0.000288257696,5000.75212
54,30,1.36363637,0.0222293697,-0.000193983316,5002.97396
55,30,0.454545468,0.0222293083,-0.000146759834,5003.66732
56,30,-1.36363637,0.0222294684,-5.2282674e-05,5003.0083
57,30,-3.18181825,0.0222298875,4.19907374e-05,5000.72852
58,30,5,0.0222298503,-0.00038230911,4999.84521
59,-28.0327873,5,0.00036720041,-0.000178784583,4948.34701
60,-26.0655746,5,0.000685925712,-0.000238299152,4745.53304
61,-24.0983601,5,0.00100621628,-0.000257036183,4812.43913
62,-22.1311474,5,0.0013331786,-0.000259186811,4878.66829
63,-20.1639347,5,0.0016641781,-0.000252259575,4924.06478
64,-18.196722,5,0.00199915911,-0.000234261708,5019.84635
65,-16.2295074,5,0.00234719669,-0.00019843904,5346.80078
66,-14.2622948,5,0.002737612,-0.000142238641,6273.22852
67,-12.2950821,5,0.00323838461,-9.26136709e-05,8423.24105
68,-10.3278685,5,0.00397045864,-0.000171780368,12158.0524
69,-8.36065578,5,0.0050656274,-0.000730669592,17251.5228
70,-6.39344263,5,0.00653683254,-0.00243258523,20776.151
71,-4.42622948,5,0.00801042188,-0.00528998394,22405.4434
72,-2.45901632,5,0.00936108083,-0.00744362781,23416.4512
73,0.491803288,5,0.0114661632,-0.00838004425,25535.894
74,2.45901632,5,0.0128541617,-0.00749925338,23416.6536
75,4.42622948,5,0.0142050544,-0.00536647858,22410.6458
76,6.39344263,5,0.0156769399,-0.00253144768,20822.4525
77,8.36065578,5,0.0171498489,-0.000853641599,17304.082
78,10.3278685,5,0.0182377715,-0.000295124715,12102.1169
79,12.2950821,5,0.0189674236,-0.000216819826,8408.10514
80,14.2622948,5,0.0194674022,-0.000266145886,6269.55143
81,16.2295074,5,0.0198576115,-0.000321628089,5347.90137
82,18.196722,5,0.0202061012,-0.000356411649,5031.42904
83,20.1639347,5,0.0205426402,-0.000373369199,4957.30794
84,22.1311474,5,0.0208778325,-0.000380071404,4959.80664
85,24.0983601,5,0.0212143119,-0.000382073835,4976.4821
86,26.0655746,5,0.0215521306,-0.000382347702,4990.02393
87,28.0327873,5,0.0218908023,-0.000382247497,4997.79508
88,-30,5,3.46541135e-33,-1.50325615e-33,5971.30811
89,-30,-3.18181825,4.33337066e-33,4.84392386e-34,4589.42904
90,-30,-1.36363637,4.25112022e-33,2.39439039e-34,4303.43392
91,-30,-0.454545468,4.24083685e-33,3.89717502e-35,4275.57796
92,-30,1.36363637,4.25578032e-33,-2.34165867e-34,4302.80762
93,-30,3.18181825,4.33381955e-33,-4.84510624e-34,4591.04036
94,-28.0781841,3.15149951,0.000310119445,-9.46142463e-05,4860.59698
95,-26.0733833,3.07834291,0.000653680705,-0.000143638827,4967.2063
96,-24.0666275,3.18229365,0.00100004673,-0.000165281876,4976.13051
97,-22.1414108,3.10831213,0.00133054226,-0.00016273302,4986.25453
98,-20.1493855,3.07340074,0.00167345349,-0.000153864239,4991.08384
99,-18.1609821,3.07793856,0.00201688171,-0.000135801529,4998.3992
100,-16.1729412,3.08324385,0.00236291112,-9.79244141e-05,5062.8418
101,-14.188098,3.08516979,0.00271497201,-3.3831795e-05,5360.59319
102,-12.2236042,3.10363579,0.003078087,3.42928251e-05,6229.67801
103,-10.2966909,2.99394655,0.00342037645,4.1279277e-06,7121.35512
104,-8.0826664,3.14545131,0.00393746747,-0.000611033698,7110.41329
105,7.85891914,3.17422676,0.0181962196,-0.000847595162,7107.49128
106,10.2925539,2.99184513,0.0187827311,-0.000119294134,7121.31717
107,12.225069,3.11191082,0.0191255342,-9.01975291e-05,6240.93394
108,14.1911812,3.09786177,0.0194898769,-0.000158389157,5373.47545
109,16.1803608,3.09348893,0.0198433362,-0.000221811279,5069.45033
110,18.1691685,3.08931637,0.0201898068,-0.000258617831,5000.20668
111,20.1576195,3.08532214,0.0205334052,-0.000275422994,4992.61021
112,22.144659,3.11339426,0.0208759755,-0.000283131114,4994.4963
113,24.0960865,3.18618679,0.0212122388,-0.000288535433,4996.53627
114,26.0547371,3.18964958,0.0215496756,-0.000288815616,4998.50133
115,28.0845299,3.1342206,0.0218994599,-0.000285743619,5000.20081
116,10.1264868,1.04676998,0.019286802,-0.000107938766,2460.4044
117,12.0745144,0.997606277,0.0193763413,-9.16155914e-05,2876.3103
118,14.0949049,1.00907457,0.0195782147,-0.000119975026,3676.99618
119,16.1128521,0.977242947,0.0198623948,-0.000147177881,4387.34416
120,18.1228142,0.977496862,0.0201855134,-0.000163393299,4794.56755
121,20.1258621,0.976561725,0.020525109,-0.000170661398,4959.17236
122,22.1329861,0.988430083,0.020871006,-0.000173946755,5007.91309
123,24.077198,0.866501808,0.021207042,-0.000168314233,5013.90569
124,26.0599422,0.876677871,0.0215496104,-0.000168835468,5009.21373
125,27.9359989,1.00285816,0.0218733903,-0.000175260502,5004.47447
126,10.1189384,-1.07204199,0.0192839392,-0.000138090822,2462.77762
127,12.0640554,-0.995506167,0.0193766858,-0.000155348651,2861.65167
128,14.0723457,-0.987140119,0.0195770804,-0.000127544132,3660.18237
129,15.8539972,-1.06724286,0.019821642,-0.000101537764,4308.16484
130,17.8958569,-1.04917216,0.0201479606,-8.22989095e-05,4754.20146
131,19.9043026,-1.04536605,0.0204874538,-7.35850263e-05,4943.50176
132,22.1484947,-0.977811277,0.020873839,-7.34061468e-05,5006.55184
133,24.0542622,-0.945930183,0.0212032013,-7.42620105e-05,5013.2703
134,25.9489746,-1.13035393,0.0215306059,-6.45404725e-05,5008.65869
135,28.0895653,-1.00998056,0.0218999498,-7.07833824e-05,5004.11377
136,8.0826664,-3.14545131,0.0182682518,0.000486404402,7113.19853
137,10.2966909,-2.99394655,0.0187850017,-0.00012786311,7119.06906
138,12.2236042,-3.10363579,0.0191272143,-0.000157826813,6227.71994
139,14.188098,-3.08516979,0.0194903109,-8.98307626e-05,5359.40186
140,16.1729412,-3.08324385,0.0198423918,-2.61427267e-05,5062.0076
141,18.1609821,-3.07793856,0.0201885086,1.0946389e-05,4998.24609
142,20.1493855,-3.07340074,0.0205321554,2.78399748e-05,4992.85261
143,22.1414108,-3.10831213,0.0208756421,3.60242084e-05,4994.73228
144,24.0666275,-3.18229365,0.0212074034,4.16139337e-05,4996.45103
145,26.0733833,-3.07834291,0.0215530619,3.64989901e-05,4999.27039
146,28.0781841,-3.15149951,0.0218986068,4.02274964e-05,5000.13287
147,-7.85764074,-3.17494082,0.00401020795,0.000725949765,7104.52443
148,-10.2887802,-2.99237919,0.00342334551,-4.02944079e-06,7126.79897
149,-12.225069,-3.11191082,0.00307959947,-3.35326149e-05,6243.15548
150,-14.1911812,-3.09786177,0.00271523418,3.49182519e-05,5374.73717
151,-16.1803608,-3.09348893,0.00236179284,9.88587999e-05,5070.26988
152,-18.1691685,-3.08931637,0.00201541535,0.000136561066,5000.19894
153,-20.1576195,-3.08532214,0.00167205511,0.000154632784,4990.40995
154,-22.144659,-3.11339426,0.00133005634,0.000163145582,4985.60073
155,-24.0960865,-3.18618679,0.000995130977,0.000165460922,4974.76646
156,-26.0547371,-3.18964958,0.000658637728,0.000149247018,4959.06243
157,-28.0845299,-3.1342206,0.00030883291,9.41615872e-05,4861.16364
158,-10.1055298,-1.05013835,0.00291881151,-1.47525534e-05,2468.83575
159,-12.0725002,-0.997898817,0.0028287482,-3.20748804e-05,2875.36277
160,-14.0949049,-1.00907457,0.00262684305,-3.55626776e-06,3676.89128
161,-16.1128521,-0.977242947,0.00234256731,2.3890163e-05,4392.06641
162,-18.1228142,-0.977496862,0.0020188943,4.05073733e-05,4810.02743
163,-20.1258621,-0.976561725,0.00167780835,4.8325539e-05,4994.45736
164,-22.1329861,-0.988430083,0.00132884691,5.19715904e-05,5069.92749
165,-24.077198,-0.866501808,0.000987617648,4.51012093e-05,5083.19713
166,-26.0599422,-0.876677871,0.000640487531,3.98825468e-05,4986.43896
167,-27.9359989,-1.00285816,0.000322586362,2.86260547e-05,4691.36963
168,-10.1078949,1.07006097,0.00292079709,1.39621152e-05,2464.44999
169,-12.0637007,0.995454609,0.00282834051,3.17814447e-05,2860.12156
170,-14.0723457,0.987140119,0.00262803724,3.94596782e-06,3660.30705
171,-15.8539972,1.06724286,0.00238342141,-2.21792052e-05,4311.87427
172,-17.8958569,1.04917216,0.00205663429,-4.1704865e-05,4767.51328
173,-19.9043026,1.04536605,0.00171584066,-5.08645862e-05,4974.86689
174,-22.1484947,0.977811277,0.00132604945,-5.13113046e-05,5068.31673
175,-24.0542622,0.945930183,0.00099190115,-4.91690953e-05,5080.77469
176,-25.9489746,1.13035393,0.000660849677,-5.18373454e-05,5000.82345
177,-28.0895653,1.00998056,0.000297492108,-2.73378319e-05,4652.58732
178,3.11111116,4,0.014271412,-0.00668840576,26548.3548
179,1.33333337,4,0.012456933,-0.00787707046,26773.4622
180,0.444444448,4,0.0115407007,-0.00804633088,29965.9121
181,-1.33333337,4,0.00974722393,-0.00783509854,26371.8516
182,-3.11111116,4,0.00793333538,-0.00662597921,26549.1855
183,4.95726252,-3.88376737,0.0162469521,0.00412708195,20969.2656
184,6.65249062,-2.99404311,0.0182146486,0.00167890708,7227.14128
185,7.7400651,-1.4184196,0.0191478673,0.00042738815,6569.78735
186,7.7400651,1.4184196,0.0191492606,-0.000681391743,6728.34257
187,6.65249062,2.99404311,0.018214928,-0.00187978207,7502.62463
188,4.95726252,3.88376737,0.0162441432,-0.00433508307,21002.2539
189,-3.11111116,-4,0.00793480035,0.00656707166,26549.4948
190,-1.33333337,-4,0.00974941999,0.00775471749,26774.1172
191,-0.444444448,-4,0.0106656831,0.00792333297,29966.6299
192,1.33333337,-4,0.0124591542,0.00771076512,26371.4056
193,3.11111116,-4,0.014272932,0.00650050305,26548.2507
194,-4.95726252,3.88376737,0.0059591094,-0.00425310852,20970.4092
195,-6.65249062,2.99404311,0.0039909035,-0.00180466112,7221.71468
196,-7.7400651,1.4184196,0.00305676903,-0.000553901715,6593.40698
197,-7.7400651,-1.4184196,0.00305540254,0.000560047454,6744.7981
198,-6.65249062,-2.99404311,0.00399041502,0.0017584106,7494.06372
199,-4.95726252,-3.88376737,0.0059618149,0.00421406096,21003.7944
200,29.0163937,-5,0.0220606849,0.000135900293,4999.40857
201,27.049181,-5,0.0217217598,0.000135811671,4994.44596
202,25.0819664,-5,0.021383442,0.000135675087,4983.85791
203,23.1147537,-5,0.0210462231,0.000134637303,4968.03646
204,21.147541,-5,0.0207104422,0.000130697677,4954.77393
205,19.1803284,-5,0.020375222,0.000119688928,4978.73958
206,17.2131157,-5,0.0200349893,9.46705259e-05,5147.21338
207,15.2459021,-5,0.0196712688,4.88916012e-05,5719.35645
208,13.2786884,-5,0.0192378834,-1.01015157e-05,7193.79411
209,11.3114758,-5,0.0186390299,-1.81968171e-05,10203.4805
210,9.34426212,-5,0.0177413486,0.000233797065,14629.3102
211,7.37704897,-5,0.0164271034,0.00126624817,19196.2842
212,5.40983629,-5,0.0148904473,0.00366261182,20415.0527
213,3.4426229,-5,0.0135233756,0.00641226443,23287.0202
214,1.47540987,-5,0.0121552749,0.00790515449,23585.7533
215,0.491803288,-5,0.0114519438,0.0081994608,23730.9427
216,-1.47540987,-5,0.0100408671,0.00795335229,23554.3802
217,-3.4426229,-5,0.0086730076,0.00648261234,23286.0391
218,-5.40983629,-5,0.00730604632,0.0037563988,20423.9642
219,-7.37704897,-5,0.00576699991,0.00138760428,19450.3587
220,-9.34426212,-5,0.00445914641,0.000357891608,14612.915
221,-11.3114758,-5,0.00356536731,0.000105855834,10186.7614
222,-13.2786884,-5,0.00296727219,0.000114018963,7190.2902
223,-15.2459021,-5,0.00253394875,0.000173167165,5718.14762
224,-17.2131157,-5,0.00217037625,0.00021924451,5142.98291
225,-19.1803284,-5,0.0018309016,0.000245068164,4958.31348
226,-21.147541,-5,0.00149833108,0.000256883039,4899.08447
227,-23.1147537,-5,0.00116911042,0.000259439548,4846.34359
228,-25.0819664,-5,0.000845280942,0.000250666548,4769.53434
229,-27.049181,-5,0.000527760072,0.000216146422,4764.65853
230,-29.0163937,-5,0.000192501102,0.000113253169,5252.33911
231,30,4.090909,0.0222297683,-0.000335294608,4999.97282
232,30,2.27272725,0.022229502,-0.000241157395,5001.96891
233,30,-0.454545468,0.0222293399,-9.95091468e-05,5003.70475
234,30,-2.27272725,0.0222296696,-5.1082925e-06,5001.96338
235,30,-4.090909,0.0222300719,8.90264491e-05,4999.96712
236,-29.0163937,5,0.000192410327,-0.000113126727,5250.86145
237,-27.049181,5,0.000527649769,-0.000216007917,4764.9847
238,-25.0819664,5,0.000845199509,-0.000250652694,4770.24186
239,-23.1147537,5,0.0011690039,-0.000259346241,4847.15869
240,-21.147541,5,0.00149828929,-0.000256772037,4899.91846
241,-19.1803284,5,0.00183088798,-0.000244994357,4958.29671
242,-17.2131157,5,0.00217029662,-0.000219092413,5141.90771
243,-15.2459021,5,0.00253390661,-0.000172757005,5719.91455
244,-13.2786884,5,0.00296746078,-0.000113513321,7197.14095
245,-11.3114758,5,0.00356666208,-0.000105476218,10208.957
246,-9.34426212,5,0.00446479954,-0.000357995188,14634.4463
247,-7.37704897,5,0.00577929243,-0.00139150047,19195.1533
248,-5.40983629,5,0.00731564872,-0.00378859648,20412.0794
249,-3.4426229,5,0.00868246146,-0.00653789844,23286.0007
250,-1.47540987,5,0.0100504188,-0.00802959595,23585.5677
251,-0.491803288,5,0.0107537294,-0.00832316652,23731.0775
252,1.47540987,5,0.012164847,-0.00807560328,23554.6452
253,3.4426229,5,0.013532877,-0.00660382258,23287.1628
254,5.40983629,5,0.0149001228,-0.0038775187,20427
255,7.37704897,5,0.0164393503,-0.00150973687,19445.9215
256,9.34426212,5,0.0177468117,-0.000481073046,14605.6982
257,11.3114758,5,0.0186400563,-0.000229539612,10180.2868
258,13.2786884,5,0.0192377884,-0.00023759836,7186.90755
259,15.2459021,5,0.0196709484,-0.000296375307,5717.64486
260,17.2131157,5,0.0200346373,-0.000341789739,5148.35889
261,19.1803284,5,0.0203749388,-0.00036662916,4978.85319
262,21.147541,5,0.0207101423,-0.000377569435,4954.19141
263,23.1147537,5,0.0210458823,-0.000381408201,4967.57894
264,25.0819664,5,0.0213830788,-0.000382307364,4983.67074
265,27.049181,5,0.0217213891,-0.000382294878,4994.44255
266,29.0163937,5,0.0220603142,-0.000382240716,4999.3916
267,-30,-4.090909,4.41402316e-33,4.08818614e-34,5248.5236
268,-30,-2.27272725,4.28981051e-33,3.29393675e-34,4381.94694
269,-30,0.454545468,4.24402354e-33,-4.4387829e-35,4274.76693
270,-30,2.27272725,4.29043132e-33,-3.28968523e-34,4383.34717
271,-30,4.090909,4.41391847e-33,-4.10068541e-34,5246.93099
272,29.1055145,-3.73102403,0.0220758263,7.02784964e-05,4999.95288
273,-29.1055145,3.73102403,0.000144074133,-6.20242063e-05,4823.2264
274,-29.1075039,-3.72845268,0.000143725658,6.18534541e-05,4823.35832
275,29.1584415,-2.74827504,0.0220847037,1.94028598e-05,5001.27808
276,29.0630932,-0.957951188,0.0220678374,-7.34436835e-05,5003.3787
277,29.0374794,0.953314662,0.022063354,-0.000172651242,5003.38288
278,29.212883,1.89430022,0.0220937263,-0.000221471302,5002.37736
279,29.1075039,3.72845268,0.0220758896,-0.000316479825,4999.9703
280,-29.1584415,2.74827504,0.000129829074,-3.75831114e-05,4555.93335
281,-29.0630932,0.957951188,0.000141576777,-1.31584766e-05,4409.13058
282,-29.0374794,-0.953314662,0.000145494705,1.34462462e-05,4413.58991
283,-29.212883,-1.89430022,0.000119185759,2.2777589e-05,4421.24146
284,29.1592331,2.75492549,0.0220846366,-0.000266076968,5001.29378
285,29.1625557,-0.0126470942,0.0220848937,-0.000122508369,5003.61963
286,29.2140961,-1.87211156,0.022094069,-2.60047545e-05,5002.38322
287,-29.1592331,-2.75492549,0.000129651788,3.76251664e-05,4554.85669
288,-29.1625557,0.0126470942,0.000126146217,-1.50533069e-07,4352.4952
289,-29.2140961,1.87211156,0.000119022654,-2.24698251e-05,4422.77075
290,-6.74635506,4.03423309,0.00519437902,-0.00180356624,13855.8354
291,-8.82910156,1.06466269,0.002931464,-0.000125377061,3971.1194
292,-6.74530125,-4.0880084,0.0052569909,0.00179884327,14618.727
293,-8.7392664,0.00242458261,0.00281993323,6.2339933e-07,4675.04842
294,-8.8284483,-1.05905354,0.00293077785,0.000125850202,3967.03359
295,8.84712219,-1.06900024,0.0192723963,-9.92961418e-07,3905.94205
296,6.74515772,4.08730078,0.0169497002,-0.00192057504,14617.0611
297,8.84328365,1.05637264,0.019274462,-0.000246721233,3910.14418
298,6.74635506,-4.03423309,0.0170115903,0.00167791056,13857.2252
299,8.42002773,-2.15995455,0.0188991372,0.000231769358,4639.91479
300,-8.41702461,2.15923166,0.00330613181,-0.000357000885,4652.11255
301,8.77046013,-0.00946838036,0.0193843525,-0.00012339736,4562.60958
302,5.87291861,4.30257845,0.0161988512,-0.00307150022,18289.367
303,5.87315798,-4.29196501,0.0162102766,0.00284866383,18156.8549
304,-5.87315798,4.29196501,0.00599577744,-0.00297460007,18156.7096
305,12.7553711,-4.12182426,0.0191280246,-8.86371126e-05,7183.36922
306,10.7800446,-4.07468653,0.0185892545,-8.74794714e-05,9616.72005
307,8.72276115,-4.04386377,0.017874809,0.000294116733,12255.0028
308,-18.6789589,4.11240292,0.00192401407,-0.000194383902,5011.10563
309,-8.72276115,4.04386377,0.00433106767,-0.000418544456,12258.6248
310,-26.550251,4.13264847,0.000588944065,-0.000186471079,4864.83822
311,-22.626091,4.11777782,0.00124952174,-0.000214982327,4909.97266
312,18.6789589,-4.11240292,0.0202818625,6.92227841e-05,5022.58602
313,22.626091,-4.11777782,0.0209610872,8.87287242e-05,4977.8584
314,26.550251,-4.13264847,0.0216357056,9.1009897e-05,4994.58813
315,-10.7800446,4.07468653,0.00361635396,-3.62232604e-05,9620.96916
316,-12.7553711,4.12182426,0.00307736709,-3.49255133e-05,7186.29956
317,27.5223675,-4.15483141,0.0218031146,9.21387982e-05,4997.01326
318,23.6001854,-4.13511562,0.0211283416,9.05562047e-05,4981.94385
319,19.6684761,-4.11084938,0.020453006,7.7879231e-05,4992.37728
320,15.7162733,-4.11756992,0.0197517388,1.30048074e-05,5452.46167
321,11.7700195,-4.10792923,0.0188792385,-0.000106766682,8321.38737
322,9.75515366,-4.02467537,0.0182703864,1.51527638e-05,10815.0225
323,7.76603651,-4.08916759,0.0174410082,0.000792791485,13525.2769
324,-27.5223675,4.15483141,0.00042473909,-0.000159131669,4891.98828
325,-23.6001854,4.13511562,0.0010851071,-0.00021518617,4890.78695
326,-19.6684761,4.11084938,0.00175345433,-0.000203627598,4973.38403
327,-15.7162733,4.11756992,0.0024535656,-0.0001369737,5452.05876
328,-11.7700195,4.10792923,0.00332624698,-1.68146325e-05,8325.15633
329,-9.75515366,4.02467537,0.0039353515,-0.000139127791,10818.7476
330,-7.76603651,4.08916759,0.0047650151,-0.000917804602,13524.7023
331,14.7286091,-4.11708498,0.0195596889,-1.91458785e-05,5798.24715
332,-14.7286091,4.11708498,0.00264560198,-0.000104612962,5799.17179
333,13.7418394,-4.11786032,0.019355895,-5.40692199e-05,6387.48494
334,-13.7418394,4.11786032,0.00284942822,-6.95583658e-05,6389.48438
335,7.71559715,4.14818811,0.0173736159,-0.00108712877,14296.2917
336,16.7037411,-4.11417866,0.0199330766,3.75909258e-05,5215.27458
337,17.6922779,4.1149559,0.0201092996,-0.00030354457,5096.65039
338,15.7162151,4.11795378,0.0197514668,-0.000260431611,5452.30005
339,-16.7037411,4.11417866,0.00227230019,-0.000161852804,5212.58993
340,-19.6682472,-4.11206961,0.00175349321,0.000203765201,4972.66146
341,-17.6922779,-4.1149559,0.00209603575,0.000181269512,5090.70272
342,-7.71548939,-4.14882565,0.00483289268,0.00096491928,14303.1994
343,-28.3510494,4.20747089,0.000284375943,-0.000122722122,4983.50811
344,-27.5222607,-4.14420605,0.000424563361,0.000158843817,4893.39559
345,-25.5711594,-4.15318298,0.000754101144,0.000203706368,4854.13859
346,-24.5689259,4.14554501,0.00092196156,-0.000212040832,4869.98869
347,-23.612381,-4.1363287,0.00108316832,0.000215300912,4889.56673
348,-21.6437588,-4.11494875,0.00141632091,0.000213501407,4928.96777
349,-20.6563301,4.10816526,0.00158437458,-0.000209420032,4946.85636
350,-15.7162151,-4.11795378,0.00245360844,0.000137353723,5451.87606
351,-13.7400618,-4.12106848,0.00284988573,7.01863391e-05,6390.49691
352,-11.7666597,-4.10983276,0.00332734874,1.74625729e-05,8318.47144
353,-9.73714924,-4.0225668,0.00394022278,0.000141761542,10833.1634
354,19.6682472,4.11206961,0.0204527471,-0.000324857217,4991.79126
355,20.6563301,-4.10816526,0.0206229426,8.31401267e-05,4977.93327
356,21.6437588,4.11494875,0.0207921974,-0.000333623699,4975.25952
357,23.612381,4.1363287,0.0211301427,-0.000337368401,4981.72217
358,24.5689259,-4.14554501,0.0212948322,9.15170094e-05,4986.78882
359,25.5711594,4.15318298,0.021466881,-0.000338647485,4990.74536
360,27.5222607,4.14420605,0.0218027867,-0.000338037265,4997.01514
361,28.3510494,-4.20747089,0.0219459031,9.48729285e-05,4998.74805
362,13.7400618,4.12106848,0.0193552095,-0.00019372211,6388.43547
363,11.7666597,4.10983276,0.0188779179,-0.00014119054,8314.27173
364,9.73800087,4.0224061,0.018265726,-0.000264985312,10825.9216
365,25.5630875,-4.13050461,0.0214657858,9.08804504e-05,4990.95695
366,21.6466217,-4.115345,0.0207929593,8.67978306e-05,4975.81974
367,17.6935005,-4.11237478,0.0201097094,5.6414221e-05,5095.78239
368,-8.67219067,-4.06443024,0.00436249515,0.000439001917,12381.6258
369,-10.7807884,-4.07818842,0.00361641031,3.6838479e-05,9607.44474
370,-12.7572584,-4.12101984,0.00307679828,3.54717486e-05,7184.99007
371,-14.7298079,-4.11895466,0.00264536939,0.000105222825,5799.52767
372,-16.7066116,-4.11617851,0.00227179821,0.000162220036,5213.91593
373,-18.6832905,-4.11351967,0.00192325306,0.000194563225,5010.89119
374,-20.6597843,-4.11191368,0.00158380636,0.00020973949,4945.98503
375,-22.6331367,-4.12267637,0.00124842266,0.000215352498,4908.80835
376,-24.5894184,-4.15446997,0.000918733829,0.000212379353,4868.15747
377,-26.5516949,-4.15019131,0.000589195464,0.000187375146,4863.34448
378,-28.3526955,-4.20137596,0.0002840253,0.000122632555,4983.47988
379,-25.5630875,4.13050461,0.000755008718,-0.000202667798,4856.88395
380,-21.6466217,4.115345,0.00141577725,-0.000213405772,4929.93563
381,-17.6935005,4.11237478,0.00209585205,-0.000181080992,5089.9008
382,8.67279339,4.06414127,0.0178437214,-0.000561718422,12375.1073
383,10.7815599,4.07807255,0.0185892452,-0.000160480209,9601.09847
384,12.7572584,4.12101984,0.0191283692,-0.000159139643,7181.91488
385,14.7298079,4.11895466,0.0195596926,-0.00022856651,5798.60384
386,16.7066116,4.11617851,0.0199333504,-0.000284950511,5216.6486
387,18.6832905,4.11351967,0.0202824008,-0.00031629033,5022.49951
388,20.6597843,4.11191368,0.0206233002,-0.000330244773,4977.26074
389,22.6331367,4.12267637,0.0209620222,-0.000335795397,4977.43726
390,24.5894184,4.15446997,0.0212980602,-0.000338653248,4986.63843
391,26.5516949,4.15019131,0.0216356497,-0.000338436716,4994.48657
392,28.3526955,4.20137596,0.0219458733,-0.000340946775,4998.71973
393,-8.37000942,-2.16322041,0.00331689697,0.000374227064,4614.0215
394,8.37542057,2.16227174,0.0188891571,-0.000495054934,4604.9979
395,-9.06829834,-3.07199001,0.00369381695,0.000208401951,7525.2911
396,9.12939644,-3.06448913,0.0185304284,7.06175269e-05,7510.45605
397,9.07278061,3.07120299,0.0185128823,-0.000330355164,7520.71566
398,-9.12889671,3.06436872,0.00367510552,-0.000194886074,7513.14168
399,-28.4792061,0.360285431,0.000233337545,-7.999638e-06,4534.74463
400,28.4792061,-0.360285431,0.0219670665,-0.000104486462,5004.22861
401,28.4535389,0.297145098,0.0219626185,-0.000138615389,5004.2082
402,-28.4535389,-0.297145098,0.000237241766,6.42685973e-06,4541.00293
403,-7.24273062,-3.6014545,0.00453608623,0.00126718718,9733.26709
404,7.24304152,3.60093975,0.0176702868,-0.00138896506,9732.26917
405,15.1899576,-3.34833503,0.0196637046,-4.1165833e-05,5330.99541
406,-15.1899576,3.34833503,0.00254158699,-8.26673422e-05,5331.71025
407,-9.5205183,-2.05509233,0.00319398823,6.16289108e-05,4468.00871
408,9.54616451,-2.06000352,0.0190153178,-6.44089014e-05,4454.76176
409,9.53043938,2.0534656,0.0190122407,-0.00018354661,4461.24581
410,-9.5407362,2.05880976,0.00318970159,-6.03427179e-05,4457.85209
411,-5.87294722,-4.30272007,0.00600732677,0.00295024482,18290.2385
412,7.30789661,-3.30703068,0.0179880336,0.00103881129,8241.50273
413,-7.30789661,3.30703068,0.00421769125,-0.00116429245,8233.22842
414,11.271019,-3.3493247,0.0188916996,-0.000149780462,7377.16934
415,-11.271019,3.3493247,0.00331369485,2.61837704e-05,7380.25635
416,-11.2691221,-3.3516078,0.00331516284,-2.55862142e-05,7382.07656
417,11.270031,3.35147786,0.0188902672,-9.81214616e-05,7377.86768
418,13.2102089,-3.35436797,0.019291291,-0.000112038229,6050.59336
419,-13.2102089,3.35436797,0.00291401614,-1.15363609e-05,6052.28086
420,-13.21206,-3.36365533,0.00291471533,1.2356003e-05,6062.94697
421,13.21206,3.36365533,0.0192904081,-0.000135978014,6061.10518
422,15.1932182,3.35819507,0.0196637679,-0.000206879864,5335.10205
423,-15.1932182,-3.35819507,0.00254133577,8.36385952e-05,5335.83135
424,17.1751404,-3.34430623,0.0200170986,9.02238662e-06,5074.31025
425,-17.1751404,3.34430623,0.00218827464,-0.000133438327,5073.29453
426,17.1796036,3.35463381,0.0200177096,-0.000256599335,5077.57178
427,-17.1796036,-3.35463381,0.00218747696,0.000134050308,5076.48857
428,19.1605377,-3.34086394,0.0203622971,3.47595123e-05,5006.21299
429,-19.1605377,3.34086394,0.00184336444,-0.000160168973,5001.14961
430,-19.1656609,-3.35122871,0.00184243941,0.000160804964,5000.4085
431,19.1656609,3.35122871,0.0203630477,-0.000282254012,5005.74219
432,21.1476078,-3.34610605,0.0207050517,4.58714967e-05,4992.47598
433,-21.1476078,3.34610605,0.00150135881,-0.000172372704,4978.68779
434,-21.1511002,-3.35566425,0.00150079746,0.000172999848,4977.8877
435,21.1511002,3.35566425,0.0207054522,-0.00029325168,4991.94473
436,23.1104317,-3.41326761,0.021043079,5.29394056e-05,4992.20967
437,-23.1104317,3.41326761,0.00116512342,-0.000178820963,4962.62832
438,-23.1222248,-3.41651487,0.00116321153,0.000179097158,4961.45117
439,23.1222248,3.41651487,0.0210448597,-0.000299893785,4992.07363
440,-27.6803455,0.0895657167,0.000363510277,-2.82378574e-06,4729.86991
441,27.6803455,-0.0895657167,0.0218292326,-0.000118561715,5005.72621
442,11.2651997,-2.47638083,0.0190799739,-0.000178808914,5595.21619
443,-11.2651997,2.47638083,0.00312519795,5.52526653e-05,5596.33618
444,-11.2648048,-2.48291993,0.00312827318,-5.50772929e-05,5617.56087
445,11.2681046,2.48244667,0.0190772768,-6.86382336e-05,5613.97205
446,13.1518269,-2.31862164,0.0193729009,-0.000148185485,4843.84982
447,-13.1518269,2.31862164,0.00283231516,2.46238724e-05,4844.86876
448,13.1577692,2.34401751,0.0193706844,-9.98009782e-05,4871.75795
449,-13.1577692,-2.34401751,0.00283440179,-2.38324865e-05,4872.77713
450,28.5278645,-1.61162221,0.021975683,-3.95565548e-05,5002.87061
451,-28.5278645,1.61162221,0.000227267112,-3.49689981e-05,4592.69834
452,15.1253901,-2.314677,0.0196804758,-8.45039685e-05,4755.77197
453,-15.1253901,2.314677,0.00252475776,-3.92691254e-05,4757.33615
454,15.1478519,2.33569646,0.0196832139,-0.000164334109,4774.22238
455,-15.1478519,-2.33569646,0.00252188742,4.10367356e-05,4775.84466
456,17.0999546,-2.2828815,0.0200086925,-4.09337445e-05,4865.18464
457,-17.0999546,2.2828815,0.00219645794,-8.33172307e-05,4869.37186
458,17.1457043,2.33225822,0.020016076,-0.000208795391,4878.25907
459,-17.1457043,-2.33225822,0.00218894565,8.6104912e-05,4882.49574
460,19.0975075,-2.27828002,0.0203495137,-1.82771473e-05,4956.56606
461,-19.0975075,2.27828002,0.00185531878,-0.000106823922,4966.35303
462,-19.1429729,-2.32900906,0.00184755342,0.000109747809,4970.62507
463,19.1429729,2.32900906,0.0203571711,-0.000231460494,4961.04827
464,21.1142292,-2.28860044,0.0206968654,-8.20387049e-06,4994.97468
465,-21.1142292,2.28860044,0.00150714582,-0.000117929972,5013.76416
466,21.1425591,2.3362298,0.0207016207,-0.00024118046,4996.07743
467,-21.1425591,-2.3362298,0.00150235579,0.000120585071,5014.07889
468,23.0925903,-2.53802943,0.0210386533,7.7474906e-06,5002.25944
469,-23.0925903,2.53802943,0.00116495206,-0.000133553302,5019.89396
470,23.1017876,2.53687739,0.0210400224,-0.000254474959,5002.60278
471,-23.1017876,-2.53687739,0.00116339175,0.000133639536,5020.54875
472,28.5424137,-2.26900697,0.0219783615,-5.47145964e-06,5001.98779
473,-28.5424137,2.26900697,0.000226540462,-5.07564255e-05,4644.33906
474,27.7249374,-1.98148775,0.0218373258,-2.03873187e-05,5003.00398
475,-27.7249374,1.98148775,0.000360748061,-6.37308185e-05,4794.49016
476,-27.109684,1.06508052,0.000460903393,-3.98575721e-05,4850.663
477,27.109684,-1.06508052,0.0217309222,-6.79284421e-05,5006.03735
478,12.1137476,-1.96979988,0.0192734208,-0.000173137843,4376.1947
479,-12.1136885,1.96979129,0.00293173105,4.9597169e-05,4376.43445
480,-12.1183577,-1.9821595,0.00293396856,-4.97892361e-05,4404.07548
481,12.1200848,1.98190963,0.0192712955,-7.39326788e-05,4403.32357
482,14.1212187,-1.92549515,0.0195419658,-0.000119644981,4389.41593
483,-14.1212187,1.92549515,0.00266323145,-3.98521615e-06,4390.27751
484,14.1367006,1.95022738,0.0195423234,-0.000128496453,4418.3798
485,-14.1367006,-1.95022738,0.00266276463,4.9946234e-06,4419.2463
486,16.0472527,-1.90010762,0.0198390558,-7.38789822e-05,4640.11475
487,-16.0472527,1.90010762,0.00236609811,-5.00203168e-05,4643.50936
488,16.13797,1.94148445,0.0198528934,-0.000176660906,4679.20076
489,-16.13797,-1.94148445,0.00235214713,5.35595063e-05,4682.70158
490,18.0500584,-1.88866699,0.0201712772,-4.5277553e-05,4863.21143
491,-18.0500584,1.88866699,0.00203358009,-7.91716884e-05,4873.08455
492,18.1387863,1.93903184,0.0201859083,-0.000204931799,4881.61979
493,-18.1387863,-1.93903184,0.00201883074,8.25121606e-05,4891.40397
494,20.0557728,-1.88662016,0.0205139201,-3.19776409e-05,4969.88281
495,-20.0557728,1.88662016,0.00169009215,-9.33048068e-05,4992.24276
496,-20.1378899,-1.93830502,0.0016760584,9.64280989e-05,4997.60693
497,20.1378899,1.93830502,0.0205278397,-0.000217891444,4976.07308
498,22.1666832,-1.96692777,0.0208780076,-2.26431748e-05,5004.27987
499,-22.1666832,1.96692777,0.00132426573,-0.000103251739,5041.81152
500,22.172739,1.98197889,0.0208788663,-0.000224975942,5005.13208
501,-22.172739,-1.98197889,0.00132330961,0.00010419327,5042.73145
502,24.0365982,-2.07025743,0.0212010089,-1.59797801e-05,5007.13477
503,-24.0365982,2.07025743,0.00099895196,-0.000107625419,5048.21541
504,24.0778046,2.0342443,0.0212079156,-0.000228872348,5007.73136
505,-24.0778046,-2.0342443,0.000991535489,0.000105789899,5050.62703
506,-26.5773411,0.143607333,0.000550350233,-5.67056986e-06,4923.91756
507,26.5773411,-0.143607333,0.0216388814,-0.000115794646,5008.38257
508,11.1931572,-1.50800526,0.0192579087,-0.000170557279,3515.86137
509,-11.1910839,1.50764132,0.00294718123,4.69064362e-05,3513.44828
510,-11.1939144,-1.49643683,0.0029466725,-4.73864056e-05,3528.81458
511,11.2012396,1.4953233,0.0192589462,-7.62160198e-05,3528.7984
512,13.4329252,-1.45112467,0.0194768962,-0.000141281838,3895.04653
513,-13.4329252,1.45112467,0.00272824126,1.77046277e-05,3895.32817
514,13.4487257,1.47502601,0.0194764882,-0.000106178843,3924.23867
515,-13.4487257,-1.47502601,0.00272855954,-1.74096695e-05,3924.2832
516,15.3590069,-1.46483803,0.0197404027,-9.97369207e-05,4354.59941
517,-15.3590069,1.46483803,0.00246473961,-2.39935234e-05,4356.93809
518,15.4519424,1.46286416,0.0197541304,-0.00014962694,4387.09385
519,-15.4519424,-1.46286416,0.0024509225,2.63169386e-05,4389.71074
520,17.3723621,-1.3974297,0.0200604852,-7.26926664e-05,4734.15479
521,-17.3723621,1.3974297,0.00214437745,-5.13647101e-05,4743.20312
522,17.4564228,1.46115303,0.0200733915,-0.000177847891,4756.9665
523,-17.4564228,-1.46115303,0.00213137548,5.50161531e-05,4766.53018
524,19.3779259,-1.39410615,0.0203976836,-5.87709728e-05,4929.28271
525,-19.3779259,1.39410615,0.00180631073,-6.58571807e-05,4951.95381
526,-19.4587593,-1.45962954,0.00179282727,6.96315474e-05,4961.22422
527,19.4587593,1.45962954,0.0204110537,-0.000191733052,4937.73184
528,21.4627342,-1.39465761,0.0207558423,-5.29061253e-05,4998.86162
529,-21.4627342,1.39465761,0.0014460237,-7.23609774e-05,5044.34473
530,21.4658031,1.47163177,0.020756213,-0.000197874266,4999.57695
531,-21.4658031,-1.47163177,0.00144568575,7.65016739e-05,5044.24736
532,24.986166,-2.58660221,0.021365311,1.09834173e-05,5002.32625
533,-24.986166,2.58660221,0.000837013707,-0.000130160493,5012.39518
534,25.0687046,2.57399344,0.0213793349,-0.000256975007,5002.47428
535,-25.0687046,-2.57399344,0.000822694041,0.00012899228,5009.60262
536,26.6114559,-2.01594377,0.0216452889,-1.85740137e-05,5004.18392
537,-26.6114559,2.01594377,0.00055068318,-8.52474768e-05,4955.49349
538,23.0885944,1.47806108,0.0210365485,-0.000199732516,5010.99007
539,-23.0885944,-1.47806108,0.00116245879,7.80262126e-05,5071.16349
540,23.0739326,-1.50122821,0.0210341904,-4.58478935e-05,5009.99015
541,-23.0739326,1.50122821,0.00116507406,-7.91276252e-05,5068.37533
542,-9.47008896,0.364761502,0.0028426596,-1.66159389e-05,1924.24297
543,-9.47323132,-0.344395489,0.00284156087,1.56169554e-05,1916.18708
544,9.49430943,-0.369785845,0.0193613432,-0.000107980537,1871.10266
545,21.1415329,0.603880763,0.0206995271,-0.000153723973,4989.98026
546,-21.1415329,-0.603880763,0.00150177733,3.11838994e-05,5042.05301
547,21.2789154,-0.525453091,0.0207233801,-9.70594338e-05,4994.25806
548,-21.2789154,0.525453091,0.00147765561,-2.70682631e-05,5049.28589
549,-19.1494446,-0.575235724,0.00184571336,2.67640116e-05,4914.45982
550,19.1494446,0.575235724,0.0203580037,-0.000149691463,4888.34068
551,19.2403126,-0.569844544,0.0203739628,-9.7511831e-05,4898.48185
552,-19.2403126,0.569844544,0.00182966376,-2.64343889e-05,4925.5389
553,17.1399727,0.573783636,0.0200242661,-0.000143059922,4598.29646
554,-17.1399727,-0.573783636,0.00218048505,1.9807354e-05,4608.14467
555,17.2283707,-0.574241519,0.0200395733,-0.00010388044,4623.87679
556,-17.2283707,0.574241519,0.00216515525,-1.98473626e-05,4634.15975
557,15.0963202,0.593385875,0.0197160579,-0.000129896842,3971.56205
558,-15.0963202,-0.593385875,0.00248900219,6.43027852e-06,3973.30504
559,15.0500927,-0.648734748,0.0197102297,-0.000116585565,3949.97304
560,-15.0500927,0.648734748,0.00249486021,-7.03208207e-06,3951.5731
561,9.49583149,0.339999974,0.0193630252,-0.000138371106,1861.55374
562,13.0879908,0.625658929,0.0194791555,-0.000109114968,3009.99754
563,-13.0875387,-0.625724494,0.00272589712,-1.45071663e-05,3008.38815
564,13.0849609,-0.607740164,0.0194802359,-0.000137555631,2995.74576
565,-13.0846825,0.607699692,0.00272484659,1.3999047e-05,2994.37068
566,-11.1371107,-0.49781242,0.00284150429,-1.89721941e-05,1877.51261
567,11.1461468,0.496321827,0.0193636175,-0.000104689927,1881.66726
568,11.144124,-0.517880857,0.0193628743,-0.000142564779,1883.88114
569,-11.1365499,0.516561925,0.00284212502,1.88716822e-05,1879.05652
570,-10.2384005,0.00983969308,0.00283202599,-2.22467733e-07,1422.95791
571,10.2543058,-0.01276947,0.0193726216,-0.000123416554,1415.44389
572,27.0463696,0.634685278,0.0217198599,-0.000156196489,5006.99043
573,-27.0463696,-0.634685278,0.000470859406,2.43185004e-05,4848.94668
574,10.4840298,-2.02207565,0.0191001296,-0.000151570057,4517.39429
575,-10.4803209,2.02136779,0.00310496031,2.77161635e-05,4515.34478
576,-10.4747095,-2.01539326,0.00310677872,-2.81055181e-05,4532.80581
577,10.4837656,2.01397014,0.0190991703,-9.51472175e-05,4528.73164
578,-24.9662571,1.60631871,0.000834500883,-8.04743104e-05,5051.23315
579,24.9662571,-1.60631871,0.0213611647,-3.98684933e-05,5009.13289
580,25.0516376,-3.42465758,0.0213772785,5.43592505e-05,4995.46504
581,-25.0516376,3.42465758,0.000833395286,-0.000172134532,4954.55625
582,25.0688362,1.50437188,0.0213786941,-0.000201481176,5009.62476
583,-25.0688362,-1.50437188,0.000815779902,7.50337713e-05,5049.79281
584,-25.5519218,0.104366377,0.000728283543,-4.93399193e-06,5030.80387
585,25.5519218,-0.104366377,0.0214617942,-0.000117869262,5012.09074
586,-23.0087185,0.50034517,0.00117492804,-2.63695729e-05,5089.08228
587,23.0087185,-0.50034517,0.0210222322,-9.75567527e-05,5013.01318
588,23.0190125,0.465868771,0.0210239328,-0.000147424071,5013.58838
589,-23.0190125,-0.465868771,0.00117309717,2.46395975e-05,5090.73332
590,22.1216106,0.00909501407,0.020868713,-0.000123886566,5007.16178
591,-22.1216106,-0.00909501407,0.00133040326,5.43910289e-07,5076.5918
592,20.2151604,-0.17309989,0.0205400493,-0.000115121016,4953.90025
593,-20.2151604,0.17309989,0.00166249694,-8.48471791e-06,4993.82694
594,18.2034702,-0.185618803,0.0201990381,-0.0001160096,4771.5159
595,-18.2034702,0.185618803,0.00200526672,-7.56078862e-06,4789.12235
596,16.1599846,-0.197581515,0.0198716521,-0.000118691743,4304.16295
597,-16.1599846,0.197581515,0.00233331928,-4.86755562e-06,4309.37183
598,14.0811024,-0.00258259987,0.0195885599,-0.000123466874,3371.93404
599,-14.0809803,0.00256492384,0.00261654146,-9.54891775e-08,3371.39555
600,12.1002989,-0.000256695377,0.0194147304,-0.000123542282,2123.01471
601,-12.0970135,-0.000286583381,0.00279037212,-9.13695999e-08,2119.12248
602,-25.717247,2.08351231,0.000706508697,-9.9012781e-05,5016.10342
603,25.717247,-2.08351231,0.0214910731,-1.50701871e-05,5005.15537
604,-25.0227509,0.76984781,0.000821731286,-3.83109909e-05,5060.17988
605,25.0227509,-0.76984781,0.0213705152,-8.33089362e-05,5012.46992
606,26.987772,1.51783764,0.0217099134,-0.000202058116,5005.37264
607,-26.987772,-1.51783764,0.0004833001,5.91692151e-05,4881.88444
608,12.7695036,-1.46855855,0.0193991195,-0.00015770059,3647.42236
609,-12.7693644,1.4685384,0.00280600577,3.41519117e-05,3647.40547
610,14.7456102,-1.46817708,0.01965026,-0.000112597569,4147.85308
611,-14.7456102,1.46817708,0.00255489815,-1.10702449e-05,4148.97954
612,16.6269875,-1.23658073,0.0199398249,-8.62810557e-05,4578.16252
613,-16.6269875,1.23658073,0.00226515112,-3.76078497e-05,4584.39339
614,18.6441879,-1.22761476,0.0202727877,-7.00063611e-05,4867.41406
615,-18.6441879,1.22761476,0.00193151296,-5.43410642e-05,4885.2264
616,20.6718521,-1.21896625,0.0206192415,-6.31801595e-05,4979.92212
617,-20.6718521,1.21896625,0.00158334954,-6.17734331e-05,5018.41756
618,-25.0700474,-0.616183043,0.000813097169,3.07135779e-05,5061.12871
619,25.0700474,0.616183043,0.0213785842,-0.000155333517,5012.85029
620,-27.1096153,2.7347002,0.000471230946,-0.000107349813,4929.77354
621,27.1096153,-2.7347002,0.021731507,1.86645248e-05,5000.96318
622,-28.513483,-1.63740647,0.000229392259,3.58842371e-05,4599.53086
623,28.513483,1.63740647,0.0219730902,-0.000208159399,5002.90869
624,28.5601406,2.28787565,0.0219812542,-0.000241883026,5001.96328
625,-28.5601406,-2.28787565,0.000223697294,5.0512459e-05,4646.47129
626,23.7503052,-0.0352349319,0.0211503766,-0.000121525991,5015.61299
627,-23.7503052,0.0352349319,0.00104445149,-1.80215886e-06,5093.95273
628,20.8027287,1.46532178,0.0206418335,-0.000196235385,4987.07109
629,-20.8027287,-1.46532178,0.00156086904,7.46440419e-05,5022.53848
630,-18.8025551,-1.45608056,0.00190505642,6.55443146e-05,4908.29092
631,18.8025551,1.45608056,0.0202992056,-0.000187928134,4891.16963
632,16.798584,1.45718443,0.0199656691,-0.000169479055,4636.26279
633,-16.798584,-1.45718443,0.00223923614,4.64511468e-05,4642.56621
634,14.7855444,1.47024965,0.0196555536,-0.000135490322,4169.22393
635,-14.7855444,-1.47024965,0.0025495186,1.2064851e-05,4170.39189
636,12.7778168,1.48484373,0.0193975642,-8.94590776e-05,3677.47671
637,-12.7769785,-1.48496532,0.00280754734,-3.42136409e-05,3677.42539
638,-24.5877476,0.0621157363,0.000897182443,-3.10360588e-06,5080.72957
639,24.5877476,-0.0621157363,0.0212951694,-0.000120100805,5014.07544
640,27.8488255,2.01783943,0.0218585506,-0.000227923665,5002.80534
641,-27.8488255,-2.01783943,0.000340448227,6.19690618e-05,4784.26782
642,27.010973,2.55351639,0.021714231,-0.000255770254,5001.71281
643,-27.010973,-2.55351639,0.00048637783,0.000102139908,4930.45361
644,-27.0448399,-3.43435669,0.000492699386,0.000140717937,4943.42471
645,27.0448399,3.43435669,0.0217203647,-0.000301368011,4998.3208
646,26.0418282,2.03600788,0.0215468835,-0.000229029771,5005.00936
647,-26.0418282,-2.03600788,0.000649448601,9.36149518e-05,4994.54598
648,25.0760212,3.4514966,0.0213812422,-0.000302381697,4995.26191
649,-25.0760212,-3.4514966,0.000829657482,0.000173277615,4948.91064
650,-27.0667591,3.45040441,0.000488980731,-0.000140738965,4942.83691
651,27.0667591,-3.45040441,0.0217243992,5.57178791e-05,4998.46572
